{
  "per_case": {
    "01_simple_banner": {
      "text_recall": 1.0,
      "text_precision": 1.0,
      "text_f1": 1.0,
      "bbox_iou_mean": 0.7787192862278737,
      "role_accuracy": 0.7142857142857143,
      "layer_count_ratio": 0.9285714285714286,
      "overall": 0.8625369644141112,
      "gt_n": 7,
      "det_n": 8
    },
    "02_tech_banner": {
      "text_recall": 0.8571428571428571,
      "text_precision": 0.8571428571428571,
      "text_f1": 0.8571428571428571,
      "bbox_iou_mean": 0.7160583162782882,
      "role_accuracy": 0.6363636363636364,
      "layer_count_ratio": 0.7272727272727273,
      "overall": 0.7471963972513902,
      "gt_n": 11,
      "det_n": 17
    },
    "03_product_card": {
      "text_recall": 1.0,
      "text_precision": 1.0,
      "text_f1": 1.0,
      "bbox_iou_mean": 0.7054647473766479,
      "role_accuracy": 0.7142857142857143,
      "layer_count_ratio": 1.0,
      "overall": 0.8549376154155905,
      "gt_n": 7,
      "det_n": 7
    },
    "04_simple_poster": {
      "text_recall": 1.0,
      "text_precision": 1.0,
      "text_f1": 1.0,
      "bbox_iou_mean": 0.7260543894954201,
      "role_accuracy": 0.875,
      "layer_count_ratio": 0.9375,
      "overall": 0.890888597373855,
      "gt_n": 8,
      "det_n": 9
    },
    "05_sale_badge": {
      "text_recall": 1.0,
      "text_precision": 1.0,
      "text_f1": 1.0,
      "bbox_iou_mean": 0.7262142421037264,
      "role_accuracy": 0.6,
      "layer_count_ratio": 0.95,
      "overall": 0.8240535605259316,
      "gt_n": 10,
      "det_n": 11
    },
    "06_article_header": {
      "text_recall": 0.8571428571428571,
      "text_precision": 0.8571428571428571,
      "text_f1": 0.8571428571428571,
      "bbox_iou_mean": 0.5567224171882871,
      "role_accuracy": 0.875,
      "layer_count_ratio": 1.0,
      "overall": 0.8079306042970718,
      "gt_n": 8,
      "det_n": 8
    },
    "07_app_screen": {
      "text_recall": 1.0,
      "text_precision": 1.0,
      "text_f1": 1.0,
      "bbox_iou_mean": 0.6665547399432097,
      "role_accuracy": 0.6666666666666666,
      "layer_count_ratio": 1.0,
      "overall": 0.8333053516524691,
      "gt_n": 15,
      "det_n": 15
    },
    "08_minimal_logo": {
      "text_recall": 1.0,
      "text_precision": 1.0,
      "text_f1": 1.0,
      "bbox_iou_mean": 0.7392649122489706,
      "role_accuracy": 0.6,
      "layer_count_ratio": 0.9,
      "overall": 0.8198162280622426,
      "gt_n": 5,
      "det_n": 6
    },
    "09_multi_badge": {
      "text_recall": 1.0,
      "text_precision": 1.0,
      "text_f1": 1.0,
      "bbox_iou_mean": 0.688432013372945,
      "role_accuracy": 0.8,
      "layer_count_ratio": 0.95,
      "overall": 0.8646080033432363,
      "gt_n": 10,
      "det_n": 11
    },
    "10_high_contrast": {
      "text_recall": 1.0,
      "text_precision": 1.0,
      "text_f1": 1.0,
      "bbox_iou_mean": 0.7598923195720605,
      "role_accuracy": 0.5,
      "layer_count_ratio": 0.9285714285714286,
      "overall": 0.8042587941787294,
      "gt_n": 7,
      "det_n": 8
    }
  },
  "summary": {
    "text_f1": 0.9714285714285715,
    "text_recall": 0.9714285714285715,
    "text_precision": 0.9714285714285715,
    "bbox_iou_mean": 0.7063377383807429,
    "role_accuracy": 0.6981601731601732,
    "layer_count_ratio": 0.9321915584415585,
    "overall": 0.8309532116514629,
    "cases": 10
  }
}